{
  "model": "..\\run_ppo_2026_04_30_T_19_47_58\\checkpoints\\best_model.zip",
  "timestamp": "2026-04-30T19:47:58.252865",
  "scores": [
    20.0,
    19.0,
    19.0,
    20.0,
    20.0,
    20.0,
    20.0,
    20.0,
    20.0,
    19.0
  ],
  "mean": 19.7,
  "std": 0.45825756949558405,
  "min": 19.0,
  "max": 20.0,
  "median": 20.0
}