{
  "model": "..\\run_dqn_2026_04_30_T_20_48_08\\checkpoints\\dqn_PongNoFrameskip-v4_seed0_final.pt",
  "timestamp": "2026-04-30T20:48:08.470706",
  "scores": [
    20.0,
    20.0,
    20.0,
    20.0,
    20.0,
    21.0,
    20.0,
    21.0,
    21.0,
    21.0
  ],
  "mean": 20.4,
  "std": 0.4898979485566356,
  "min": 20.0,
  "max": 21.0,
  "median": 20.0
}